10/24/2020,Nazwa,Nazwa potoczna,Oznaczenie,,
0,e100,kurkumina,Nieszkodliwy,,emulgator
1,e101,ryboflawina,Nieszkodliwy,,sojowa
2,e102,tartrazyna,Niebezpieczny,,sojowe
3,e104,żółć chinolinowa,Niebezpieczny,,wiśnia
4,e110,żółć pomarańczowa FCF,Niebezpieczny,,truskawka
5,e120,"kwas karminowy, koszelina",Niebezpieczny,,liofilizowana
6,e122,azorubina,Niebezpieczny,,kwas
7,e123,amarant,Niebezpieczny,,mleko
8,e124,czerwień koszelinowa,Niebezpieczny,,pelne
9,e127,eytrozyna,Niebezpieczny,,proszku
10,e128,czerwień 2G,Niebezpieczny,,lecytyna
11,e129,czerwień Allura AC,Niebezpieczny,,maslo
12,e131,błękit patenowy,Niebezpieczny,,ziemniaczane
13,e132,indygotyna,Niebezpieczny,,oleje
14,e133,błękit brylantowy FCF,Niebezpieczny,,roslinne
15,e140,chlorofil,Nieszkodliwy,,ziemniaki
16,e141,kompleksy miedzi z chlorofilem i jego pochodnymi,Nieszkodliwy,,skrobia
17,e142,zieleń S,Niebezpieczny,,maka
18,e150a,karmel prosty,Niebezpieczny,,pszenna
19,e150b,karmel siarczynowy,Niebezpieczny,,węgla
20,e150c,karmel amoniakalny,Niebezpieczny,,dwutlenek
21,e150d,karmel amoniakalno-siarycznowy,Niebezpieczny,,
22,e151,czerń brylantowa,Niebezpieczny,,
23,e153,węgiel roślinny,Podejrzany,,
24,e154,brąz FK,Niebezpieczny,,
25,e155,brąz HT,Niebezpieczny,,
26,e160a,karoteny,Nieszkodliwy,,
27,e160b,"annato, biksyna, norbiksyna",Niebezpieczny,,
28,e160c,"kapsorubina, kapsantyna, ekstrakt z papryki",Nieszkodliwy,,
29,e160d,likopen,Nieszkodliwy,,
30,e160e,beta-apo-8′-karotenal,Nieszkodliwy,,
31,e160f,ester etylowy beta-apo-8′-karotenowego,Nieszkodliwy,,
32,e161b,luteina,Nieszkodliwy,,
33,e161g,kantaksantyna,Podejrzany,,
34,e162,betanina,Zalecana ostrożność,,
35,e163,antocyjany,Nieszkodliwy,,
36,e170,węglan wapnia,Nieszkodliwy,,
37,e171,dwutlenek tytanu,Podejrzany,,
38,e172,tlenki i wodorotlenki żelaza,Podejrzany,,
39,e173,aluminium,Niebezpieczny,,
40,e174,srebro,Podejrzany,,
41,e175,złoto,Nieszkodliwy,,
42,e180,czerwień litolowa,Niebezpieczny,,
43,e200,kwas sorbowy,Podejrzany,,
44,e202,sorbinian potasu,Podejrzany,,
45,e203,sorbinian wapnia,Podejrzany,,
46,e210,kwas benzoesowy,Niebezpieczny,,
47,e211,benzoesan sodu,Niebezpieczny,,
48,e212,benzoesan potasu,Niebezpieczny,,
49,e213,benzoesan wapnia,Niebezpieczny,,
50,e214,ester etylowy kwasu p-hydroksybenzoesowego,Niebezpieczny,,
51,e215,sól sodowa p-hydroksybenzoesanu etylu,Niebezpieczny,,
52,e216,ester propylowy kwasu p-hydroksybenzoesowego,Niebezpieczny,,
53,e217,sól sodowa p-hydroksybenzoesanu propylu,Niebezpieczny,,
54,e218,ester metylowy kwasu p-hydroksybenzoesowego,Niebezpieczny,,
55,e219,sól sodowa p-hydroksybenzoesanu metylu,Niebezpieczny,,
56,e220,dwutlenek siarki,Niebezpieczny,,
57,e221,siarczyn sodu,Niebezpieczny,,
58,e222,wodorosiarczan sodu,Niebezpieczny,,
59,e223,disiarczan sodu,Niebezpieczny,,
60,e224,disiarczan potasu,Niebezpieczny,,
61,e226,siarczyn wapnia,Niebezpieczny,,
62,e227,wodorosiarczan wapnia,Niebezpieczny,,
63,e228,wodorosiarczyn potasu,Niebezpieczny,,
64,e230,bifenyl,Niebezpieczny,,
65,e231,ortofenylofenol,Niebezpieczny,,
66,e232,ortofenylofenolan sodu,Niebezpieczny,,
67,e234,nizyna,Podejrzany,,
68,e235,natamycyna,Niebezpieczny,,
69,e239,heksametylenoczteroamina,Niebezpieczny,,
70,e242,dwuwęglan dimetylu,Nieszkodliwy,,
71,e249,azotyn potasu,Niebezpieczny,,
72,e250,azotyn sodu,Niebezpieczny,,
73,e251,azotan sodu,Niebezpieczny,,
74,e252,azotan potasu,Niebezpieczny,,
75,e260,kwas octowy,Zalecana ostrożność,,
76,e261,octan potasu,Zalecana ostrożność,,
77,e262,octan sodu,Nieszkodliwy,,
78,e263,octan wapnia,Nieszkodliwy,,
79,e270,kwas mlekowy,Nieszkodliwy,,
80,e280,kwas propionowy,Podejrzany,,
81,e281,propionian sodu,Podejrzany,,
82,e282,propionian wapnia,Podejrzany,,
83,e283,propionian potasu,Podejrzany,,
84,e284,kwas borowy,Niebezpieczny,,
85,e285,tetraboran sodu,Niebezpieczny,,
86,e290,dwutlenek węgla,Zalecana ostrożność,,
87,e296,kwas jabłkowy,Zalecana ostrożność,,
88,e297,kwas fumarowy,Nieszkodliwy,,
89,e300,"kwas askorbinowy, witamina C",Nieszkodliwy,,
90,e301,askorbinian sodu,Nieszkodliwy,,
91,e302,askorbinian wapnia,Nieszkodliwy,,
92,e304,estry kwasów tłuszczowych i kwasu askorbinowego,Nieszkodliwy,,
93,e306,witamina E,Nieszkodliwy,,
94,e307,alfa-tokoferol,Nieszkodliwy,,
95,e308,gamma-tokoferol,Nieszkodliwy,,
96,e309,delta-tokoferol,Nieszkodliwy,,
97,e310,galusan propylu,Niebezpieczny,,
98,e311,galusan oktylu,Podejrzany,,
99,e312,galusan dodecylu,Podejrzany,,
100,e315,kwas izoaskorbinowy,Nieszkodliwy,,
101,e316,izoaskorbinian sodu,Zalecana ostrożność,,
102,e320,butylohydroksyanizol,Zalecana ostrożność,,
103,e321,butylohydroksytoluen,Niebezpieczny,,
104,e322,lecytyny,Zalecana ostrożność,,
105,e325,mleczan sodu,Nieszkodliwy,,
106,e326,mleczan potasu,Zalecana ostrożność,,
107,e327,mleczan wapnia,Podejrzany,,
108,e330,kwas cytrynowy,Podejrzany,,
109,e331,cytryniany sodu,Zalecana ostrożność,,
110,e332,cytryniany potasu,Zalecana ostrożność,,
111,e333,cytryniany wapnia,Zalecana ostrożność,,
112,e334,kwas winowy,Nieszkodliwy,,
113,e335,winiany sodu,Nieszkodliwy,,
114,e336,winiany potasu,Podejrzany,,
115,e337,winian potasowo-sodowy,Nieszkodliwy,,
116,e338,kwas fosforowy,Podejrzany,,
117,e339,fosforany sodu,Nieszkodliwy,,
118,e340,fosforany potasu,Nieszkodliwy,,
119,e341,fosforany wapnia,Nieszkodliwy,,
120,e343,fosforany magnezu,Nieszkodliwy,,
121,e350,jabłczany sodu,Nieszkodliwy,,
122,e351,jabłczan potasu,Nieszkodliwy,,
123,e352,jabłczany wapnia,Nieszkodliwy,,
124,e353,kwas metawinowy,Nieszkodliwy,,
125,e354,winian wapnia,Nieszkodliwy,,
126,e355,kwas adypinowy,Podejrzany,,
127,e356,adypinian sodu,Nieszkodliwy,,
128,e357,adypinian potasu,Nieszkodliwy,,
129,e363,kwas bursztynowy,Nieszkodliwy,,
130,e380,cytrynian triamonu,Nieszkodliwy,,
131,e385,sól wapniowo -disodowa kwasu etylenodiaminotetraoctowego,Niebezpieczny,,
132,e400,kwas alginowy,Nieszkodliwy,,
133,e401,alginian sodu,Nieszkodliwy,,
134,e402,alginian potasu,Nieszkodliwy,,
135,e403,alginian amonu,Nieszkodliwy,,
136,e404,alginian wapnia,Nieszkodliwy,,
137,e405,alginian glikolu propylenowego,Podejrzany,,
138,e406,agar,Nieszkodliwy,,
139,e407,karagen,Niebezpieczny,,
140,e407a,przetworzone wodorosty morskie,Podejrzany,,
141,e410,mączka chleba świętojańskiego,Nieszkodliwy,,
142,e412,guma guar,Zalecana ostrożność,,
143,e413,guma tragakantowa,Podejrzany,,
144,e414,guma arabska,Podejrzany,,
145,e415,guma kasantowa,Nieszkodliwy,,
146,e416,guma karaya,Podejrzany,,
147,e417,guma tara,Nieszkodliwy,,
148,e418,guma gellan,Zalecana ostrożność,,
149,e420,sorbitol,Podejrzany,,
150,e421,mannitol,Niebezpieczny,,
151,e422,glicerol,Zalecana ostrożność,,
152,e425,guma konjac,Podejrzany,,
153,e431,stearyniann polioksyetylenu,Podejrzany,,
154,e432,monolaurynian polioksyetylenosorbitolu,Niebezpieczny,,
155,e433,monooleinian polioksyetylenosorbitolu,Niebezpieczny,,
156,e434,monopalmitynian polioksyetylenosorbitolu,Niebezpieczny,,
157,e435,monostearynian polioksyetylenosorbitolu,Niebezpieczny,,
158,e436,tristearynian polioksyetylenosorbitolu,Niebezpieczny,,
159,e440,pektyny,Nieszkodliwy,,
160,e442,fosfatydy amonu,Nieszkodliwy,,
161,e444,octan izomaślanu sacharozy,Nieszkodliwy,,
162,e450,difosforany,Zalecana ostrożność,,
163,e451,trifosforany,Nieszkodliwy,,
164,e452,polifosforany,Nieszkodliwy,,
165,e459,beta-cyklodekstryna,Nieszkodliwy,,
166,e460,celuloza,Nieszkodliwy,,
167,e461,metyloceluloza,Nieszkodliwy,,
168,e463,hydroksypropyloceluloza,Nieszkodliwy,,
169,e464,hydroksypropylometyloceluloza,Zalecana ostrożność,,
170,e465,etylometyloceluloza,Podejrzany,,
171,e466,karboksymetyloceluloza,Podejrzany,,
172,e468,sól sodowa karboksymetylocelulozy,Podejrzany,,
173,e469,enzymatycznie zhydrolizowana karboksymetyloceluloza,Niebezpieczny,,
174,e470a,"sole sodowe, wapniowe i potasowe kwasów tłuszczowych",Nieszkodliwy,,
175,e470b,sole magnezowe kwasów tłuszczowych,Nieszkodliwy,,
176,e471,mono i diglicerydy kwasów tłuszczowych,Nieszkodliwy,,
177,e472a,mono i diglicerydy k.t. estryfikowane k. octowym,Nieszkodliwy,,
178,e472b,mono i diglicerydy k.t. estryfikowane k. mlekowym,Nieszkodliwy,,
179,e472c,mono i diglicerydy k.t. estryfikowane k. cytrynowym,Nieszkodliwy,,
180,e472d,mono i diglicerydy k.t. estryfikowane k. winowym,Nieszkodliwy,,
181,e472e,mono i diglicerydy k.t. estryfikowane k. mono i diacetylowinowym,Nieszkodliwy,,
182,e472f,mono i diglicerydy k.t. estryfikowane mieszaniną k. cytrynowego i octowego,Nieszkodliwy,,
183,e473,estry kwasów tłuszczowych i sacharozy,Zalecana ostrożność,,
184,e474,sacharoglicerydy,Nieszkodliwy,,
185,e475,estry kwasów tłuszczowych i poliglicerolu,Nieszkodliwy,,
186,e476,polirycynooleinian,Nieszkodliwy,,
187,e477,estry kwasów tłuszczowych i glikolu propylenowego,Nieszkodliwy,,
188,e479b,termoutleniony olej sojowy,Nieszkodliwy,,
189,e481,stearyoilomleczan sodu,Nieszkodliwy,,
190,e482,stearyoilomleczan wapnia,Nieszkodliwy,,
191,e483,winian stearylu,Podejrzany,,
192,e491,monostearynian sorbitolu,Zalecana ostrożność,,
193,e492,tristearynian sorbitolu,Zalecana ostrożność,,
194,e493,monolaurynian sorbitolu,Nieszkodliwy,,
195,e495,monopalmitynian sorbitolu,Nieszkodliwy,,
196,e500,węglany sodu,Podejrzany,,
197,e501,węglany potasu,Podejrzany,,
198,e503,węglany amonu,Nieszkodliwy,,
199,e504,węglany wapnia,Nieszkodliwy,,
200,e507,kwas chlorowodorowy,Nieszkodliwy,,
201,e508,chlorek potasu,Podejrzany,,
202,e509,chlorek wapnia,Zalecana ostrożność,,
203,e511,chlorek magnezu,Nieszkodliwy,,
204,e512,chlorek cyny,Podejrzany,,
205,e513,kwas siarkowy,Nieszkodliwy,,
206,e514,siarczany sodu,Podejrzany,,
207,e515,siarczany potasu,Zalecana ostrożność,,
208,e516,siarczan wapnia,Nieszkodliwy,,
209,e517,siarczan amonu,Nieszkodliwy,,
210,e520,siarczan glinu,Podejrzany,,
211,e521,siarczan glinowo-sodowy,Podejrzany,,
212,e522,siarczan glinowo-potasowy,Podejrzany,,
213,e523,siarczan glinowo-amonowy,Podejrzany,,
214,e524,wodorotlenek sodu,Nieszkodliwy,,
215,e525,wodorotlenek potasu,Podejrzany,,
216,e526,wodorotlenek wapnia,Nieszkodliwy,,
217,e528,wodorotlenek magnezu,Nieszkodliwy,,
218,e529,tlenek wapnia,Podejrzany,,
219,e530,tlenek magnezu,Nieszkodliwy,,
220,e535,żelazocyjanek sodu,Nieszkodliwy,,
221,e536,żelazocyjanek potasu,Podejrzany,,
222,e538,żelazocyjanek wapnia,Nieszkodliwy,,
223,e541,fosforan glinowo-sodowy,Podejrzany,,
224,e551,dwutlenek krzemu,Nieszkodliwy,,
225,e552,krzemian wapnia,Nieszkodliwy,,
226,e553a,krzemian magnezu,Zalecana ostrożność,,
227,e553b,uwodniony krzemian magnezu,Niebezpieczny,,
228,e554,krzemian glinowo-wapniowy,Podejrzany,,
229,e555,krzemian glinowo-potasowy,Podejrzany,,
230,e558,bentonit,Podejrzany,,
231,e559,krzemian glinu,Podejrzany,,
232,e570,kwasy tłuszczowe,Nieszkodliwy,,
233,e574,kwas glukonowy,Nieszkodliwy,,
234,e575,lakton kwasu glukonowego,Nieszkodliwy,,
235,e576,glukonian sodu,Zalecana ostrożność,,
236,e577,glukonian potasu,Nieszkodliwy,,
237,e578,glukonian wapnia,Podejrzany,,
238,e579,glukonian żelazawy,Niebezpieczny,,
239,e585,mleczan żelazawy,Nieszkodliwy,,
240,e620,kwas glutaminowy,Podejrzany,,
241,e621,glutaminian monosodowy,Niebezpieczny,,
242,e622,glutaminian monopotasowy,Niebezpieczny,,
243,e623,diglutaminian wapnia,Podejrzany,,
244,e624,glutaminian monoamonowy,Podejrzany,,
245,e625,diglutaminian magnezu,Nieszkodliwy,,
246,e626,kwas guanylowy,Nieszkodliwy,,
247,e628,guanylan dipotasowy,Zalecana ostrożność,,
248,e629,guanylan wapnia,Zalecana ostrożność,,
249,e630,kwas linozynowy,Nieszkodliwy,,
250,e631,inozynian disodowy,Podejrzany,,
251,e632,inozynian dipotasowy,Zalecana ostrożność,,
252,e633,inozynian wapnia,Zalecana ostrożność,,
253,e634,5’rybonukleotyd wapnia,Niebezpieczny,,
254,e635,5’rybonukleotyd disodowy,Niebezpieczny,,
255,e640,glicyna i jej sól sodowa,Nieszkodliwy,,
256,e650,octan cynku,Nieszkodliwy,,
257,e900,dimetylopolisiloksan,Podejrzany,,
258,e901,wosk pszczeli biały i żółty,Nieszkodliwy,,
259,e902,wosk candelilla,Zalecana ostrożność,,
260,e903,wosk karnauba,Zalecana ostrożność,,
261,e904,szelak,Zalecana ostrożność,,
262,e905,"wosk mikrokrystaliczny, wosk naftowy",Nieszkodliwy,,
263,e914,utleniony wosk polietylenowy,Podejrzany,,
264,e920,L-cysteina,Nieszkodliwy,,
265,e927b,karbamid,Zalecana ostrożność,,
266,e950,acesulfam K,Niebezpieczny,,
267,e951,aspartam,Niebezpieczny,,
268,e952,kwas cyklaminowy,Niebezpieczny,,
269,e953,izomaltoza,Zalecana ostrożność,,
270,e954,sacharyna,Niebezpieczny,,
271,e955,sukraloza,Podejrzany,,
272,e957,taumatyna,Zalecana ostrożność,,
273,e959,neohesperydyna DC,Nieszkodliwy,,
274,e962,sól aspartamu-acesulfamu,Niebezpieczny,,
275,e965,maltitol,Nieszkodliwy,,
276,e966,laktitol,Nieszkodliwy,,
277,e967,ksylitol,Nieszkodliwy,,
278,e1103,inwertaza,Podejrzany,,
279,e1105,lizozym,Podejrzany,,
280,e1200,polidekstroza,Nieszkodliwy,,
281,e1201,poliwinylopirolidon PVP,Niebezpieczny,,
282,e1202,poliwinylopirolidon (syntetyczny),Niebezpieczny,,
283,e1404,skrobia utleniona,Podejrzany,,
284,e1410,fosforan monoskrobiowy,Podejrzany,,
285,e1412,fosforan diskrobiowy,Podejrzany,,
286,e1413,fosforowany fosforan diskrobiowy,Podejrzany,,
287,e1414,acetylowany fosforan diskrobiowy,Podejrzany,,
288,e1420,acetylowana skrobia,Podejrzany,,
289,e1422,acetylowany adypinian diskrobiowy,Podejrzany,,
290,e1440,hydroksypropyloskrobia,Podejrzany,,
291,e1442,hydroksypropylofosforan diskrobiowy,Podejrzany,,
292,e1450,sól sodowa oktenylobursztynianu skrobiowego,Podejrzany,,
293,e1451,acetylowana skrobia utleniona,Podejrzany,,
294,e1518,trioctan glicerolu,Podejrzany,,
295,e1520,"glikol 1,2-propylenowy",Niebezpieczny,,
296,sok pomarańczowy z zagęszczonego soku pomarańczowego,Sok pomarańczowy z zagęszczonego soku pomarańczowego,Nieszkodliwy,,
297,woda,Woda,Nieszkodliwy,,
298,cukier,Cukier,Zalecana ostrożność,,
299,sól,Sól,Nieszkodliwy,,
300,migdały,Orzechy migdałowca,Nieszkodliwy (alergen),,
301,sól morska,Sól która jest pozyskiwana z wody morskiej,Nieszkodliwy,,
302,olej rzepakowy,Olej tłoczony z rzepaku,Nieszkodliwy (alergen),,
303,mąka pszenna,Mąka wytwarzana ze zbóż pszenicy,Nieszkodliwy (alergen),,
304,naturalny zakwas żytni,Zakwas wytwarzany na podstawie żyta,Nieszkodliwy (alergen),,
305,drożdże,Drożdże,Nieszkodliwy,,
306,ekstrakt ze słodu jęczmiennego,Ekstrat pozyskiwany ze słodu wytwarzanego z jęczmienia,Nieszkodliwy (alergen),,
307,mąka żytnia,Mąka wytwarzana ze zbóż żyta,Nieszkodliwy (alergen),,
308,gluten pszenny,Dodatek do żywności w postaci oddzielonego glutenu,Nieszkodliwy (alergen),,
309,ekspandowane ziarno pszenicy,Ziarna pszenicy,Nieszkodliwy (alergen),,
310,melasa buraczana,Melasa buraczana,Nieszkodliwy,,
311,sok z czarnych porzeczek z zagęszczonego soku,Sok z czarnych porzeczek z zagęszczonego soku,Nieszkodliwy,,
312,sok jabłkowy z zagęszczonego soku jabłkowego,Sok jabłkowy z zagęszczonego soku jabłkowego,Nieszkodliwy,,
313,krem kokosowy z wodą,Krem wykonany z kokosa z dodatkiem wody,Nieszkodliwy,,
314,ryż,Ryż,Nieszkodliwy,,
315,wapń,Budulec ludzkich kości,Nieszkodliwy,,
316,truskawki,Truskawki,Nieszkodliwy (alergen),,
317,oliwki,Oliwki,Nieszkodliwy (alergen),,
318,oliwki czarne,Oliwki czarne,Nieszkodliwy (alergen),,
319,oliwki zielone,Oliwki zielone,Nieszkodliwy (alergen),,
320,mieszanka herbat czarnych,Mieszanka herbat czarnych,Nieszkodliwy,,
321,aromat bergamotowy,Aromat bergamotowy,Nieszkodliwy,,
322,płatki zbożowe pełnoziarniste,Płatki zbożowe pochodzące z róznych gatunków zbóż,Nieszkodliwy (alergen),,
323,rodzynki sułtańskie,Rodzynki sułtańskie,Nieszkodliwy (alergen),,
324,chipsy bananowe,Suszone banany,Nieszkodliwy,,
325,banany,Banan,Nieszkodliwy,,
326,olej kokosowy,Olej wytwarzany z kokosa,Nieszkodliwy,,
327,morele,Morele,Nieszkodliwy,,
328,gruszki,Gruszki,Nieszkodliwy,,
329,brzoskwinie,Brzoskwinie,Nieszkodliwy,,
330,daktyle,Daktyle,Nieszkodliwy,,
331,figi,Figi,Nieszkodliwy,,
332,jabłka,Jabłka,Nieszkodliwy,,
333,śliwki,Śliwki,Nieszkodliwy,,
334,płatki kukurydziane,Płatki kukurydziane,Nieszkodliwy,,
335,siemię lniane,Siemię lniane,Nieszkodliwy,,
336,nasiona słonecznika,Nasiona słonecznika,Nieszkodliwy,,
337,orzechy laskowe,Orzechy leszczyny,Nieszkodliwy (alergen),,
338,kasza gryczna,Kasza z gryki,Nieszkodliwy (alergen),,
339,kukurydza,Kukurydza,Nieszkodliwy,,
340,kawa mielona,Kawa mielona,Nieszkodliwy,,
341,maliny,Maliny,Nieszkodliwy (alergen),,
342,substancja żelująca,Różnego rodzaju substancje żelujące,Nieszkodliwy (alergen),,
343,sól spożywcza jodowana,Sól spożywcza jodowana,Nieszkodliwy (alergen),,
344,masło,Masło,Nieszkodliwy (alergen),,
345,masło ziołowe,Masło z dodatkiem mieszanki ziół,Nieszkodliwy (alergen),,
346,skrobia pszenna,Część ziarna pszenicy,Nieszkodliwy (alergen),,
347,pietruszka,Pietruszka,Nieszkodliwy,,
348,koperek,Koperek,Nieszkodliwy,,
349,szczypiorek,Szczypiorek,Nieszkodliwy,,
350,cebula,Cebula,Nieszkodliwy,,
351,pieprz biały,Pieprz biały,Nieszkodliwy,,
352,pieprz czarny,Pieprz czarny,Nieszkodliwy,,
353,pieprz kolorowy,Pieprz kolorowy,Nieszkodliwy,,
354,ciecierzyca,Ciecierzyca,Nieszkodliwy (alergen),,
355,sezam,Sezam,Nieszkodliwy (alergen),,
356,czosnek,Czosnek,Nieszkodliwy (alergen),,
357,tłuszcz roślinny palmowy,Tłuszcz pozyskiwany z owoców palm,Nieszkodliwy (alergen),,
358,serwatka w proszku,Serwatka w proszku,Nieszkodliwy (alergen),,
359,jaja,Jaja,Nieszkodliwy (alergen),,
360,jaja w proszku,Jaja w proszku,Nieszkodliwy (alergen),,
361,mąka sojowa,Mąka wytworzona z soi,Nieszkodliwy (alergen),,
362,olej słonecznikowy,Olej tłoczony z nasion słonecznika,Nieszkodliwy (alergen),,
363,pomidory,Pomidory,Nieszkodliwy (alergen),,
364,suszone pomidory,Wysuszone owoce pomidorów,Nieszkodliwy (alergen),,
365,oliwa z oliwek,Tłoczona jest z oliwek,Nieszkodliwy (alergen),,
366,kapary,Kapary,Nieszkodliwy (alergen),,
367,ocet winny,Ocet winny,Nieszkodliwy (alergen),,
368,ocet,Ocet,Nieszkodliwy (alergen),,
369,jabłka czerwone,Jabłka czerwona,Nieszkodliwy,,
370,mąka pszenna razowa,Wytwarzana jest z pszenicy,Nieszkodliwy (alergen),,
371,nasiona lnu,Nasiona lnu,Nieszkodliwy (alergen),,
372,orzechy ziemne,Orzechy ziemne,Nieszkodliwy (alergen),,
373,orzeszki ziemne,Orzeszki ziemne,Nieszkodliwy (alergen),,
374,olej rzepakowy rafinowany,"Tłoczony z rzepaku, a następnie przechodzi proces rafinacji",Nieszkodliwy (alergen),,
375,awokado,Awokado,Nieszkodliwy,,
376,suszona cebula,Suszona cebula,Nieszkodliwy,,
377,suszony czosnek,Suszony czosnek,Nieszkodliwy (alergen),,
378,tłoczony sok jabłkowy,Sok z jabłek tłoczony,Nieszkodliwy,,
379,sok z malin,Sok z malin,Nieszkodliwy,,
380,fasolka szparagowa,Fasolka szparagowa,Nieszkodliwy,,
381,suszona fasolka szparagowa,Suszona fasolka szparagowa,Nieszkodliwy,,
382,papryka czerwona,Papryka czerwona,Nieszkodliwy,,
383,papryka zielona,Papryka zielona,Nieszkodliwy,,
384,papryka żółta,Papryka żółta,Nieszkodliwy,,
385,suszona papryka czerwona,Suszona papryka czerwona,Nieszkodliwy,,
386,suszona papryka zielona,Suszona papryka zielona,Nieszkodliwy,,
387,suszona papryka żółta,Suszona papryka żółta,Nieszkodliwy,,
388,curry,Przyprawa curry,Nieszkodliwy (alergen),,
389,goszek zielony,Groszek zielony,Nieszkodliwy,,
390,fasola biała,Fasola biała,Nieszkodliwy,,
391,fasol czerwona,Fasola czerwona,Nieszkodliwy,,
392,ugotowana fasola biała,Ugotowana fasola biała,Nieszkodliwy,,
393,ugotowana fasola czerwona,Ugotowana fasola czerwona,Nieszkodliwy,,
394,semolina z pszenicy,Semolina z pszenicy,Nieszkodliwy (alergen),,
395,ananas,Ananas,Nieszkodliwy,,
396,orzechy archaidowe,Orzechy archaidowe,Nieszkodliwy (alergen),,
397,orzeszki archaidowe,Orzeszki archaidowe,Nieszkodliwy (alergen),,
398,orzechy ziemne prażone,Orzechy ziemne prażone,Nieszkodliwy (alergen),,
399,orzechy archaidowe prażone,Orzechy archaidowe prażone,Nieszkodliwy (alergen),,
400,orzeszki archaidowe prażone,Orzeszki archaidowe prażone,Nieszkodliwy (alergen),,
401,orzechy prażone,Orzechy prażone,Nieszkodliwy (alergen),,
402,kako,Owoc kakowca,Nieszkodliwy (alergen),,
403,kako o obniżonej zawartości tłuszczu,Kako o obniżonej zawartości tłuszczu,Nieszkodliwy (alergen),,
404,nasiona sezamu,Nasiona sezamu,Nieszkodliwy,,
405,soja,Soja,Nieszkodliwy,,
406,koncentrat pomidorowy,"Koncentrat wytwiorzony z pomidorów, wody i przypraw",Nieszkodliwy (alergen),,
407,syrop klonowy,Syrop pozyskiwany z drzewa klonowego,Nieszkodliwy,,
408,syrop cukrowy,Syrop cukrowy,Nieszkodliwy,,
409,sok ananasowy z zagęszczonego soku z ananasa,Sok ananasowy z zagęszczonego soku ananasowego,Nieszkodliwy,,
410,syrop glukozowo fruktozowy,Syrop glukozowo-fruktozowy,Nieszkodliwy,,
411,mango,Mango,Nieszkodliwy,,
412,marchew,Marchew,Nieszkodliwy,,
413,marchewka,Marchewka,Nieszkodliwy,,
414,makaron,Makaron,Nieszkodliwy (alergen),,
415,ugotowany makaron,Ugotowany makaron,Nieszkodliwy (alergen),,
416,mozzarella,Ser mozzarella,Nieszkodliwy,,
417,śliwki suszone,Śliwki suszone,Nieszkodliwy,,
418,owoce aronii,Owoce aronii,Nieszkodliwy,,
419,kwiat hibiskusa,Kwiat hibiskusa,Nieszkodliwy,,
420,nasiona lnu brązowego,Nasiona lnu brązowego,Nieszkodliwy,,
421,rzepak,Rzepak,Nieszkodliwy,,
422,sok z ogórka,Sok z ogórka,Nieszkodliwy,,
423,sok z selera,Sok z selera,Nieszkodliwy,,
424,sok z pietruszki,Sok z pietruszki,Nieszkodliwy,,
425,sok z cytryny,Sok z cytrtyny,Nieszkodliwy,,
426,ziarna kawy,Ziarna kawy,Nieszkodliwy,,
427,kapusta biała,Kapusta biała,Nieszkodliwy,,
428,kapusta czerwona,Kapusta czerwona,Nieszkodliwy,,
429,ogórki kwaszone,Ogórki kwaszone,Nieszkodliwy,,
430,ogórki kiszone,Ogórki kiszone,Nieszkodliwy,,
431,ocet spirytusowy,Ocet spirytusowy,Nieszkodliwy,,
432,płatki ziemniaczane,Płatki ziemniaczane,Nieszkodliwy,,
433,ziemniaki,Ziemniaki,Nieszkodliwy,,
434,czerwona soczewica,Czerwona soczewica,Nieszkodliwy (alergen),,
435,mąka z czerwonej soczewicy,Mąka z czerwonej soczewicy,Nieszkodliwy (alergen),,
436,ekstrakt przypraw,Ekstrakt przypraw,Nieszkodliwy (alergen),,
437,kasza jęczmienna,Kasza jęczmienna,Nieszkodliwy (alergen),,
438,pestki dyni,Pestki dyni,Nieszkodliwy,,
439,syrop glukozowy,Syrop glukozowy,Nieszkodliwy,,
440,papaja,Papaja,Nieszkodliwy,,
441,orzechy pekan,Orzechy pekan,Nieszkodliwy (alergen),,
442,maltodekstryna,Maltodekstryna,Nieszkodliwy,,
443,ser w proszku,Ser w proszku,Nieszkodliwy (alergen),,
444,maślanka,Maślanka,Nieszkodliwy (alergen),,
445,maślanka w proszku,Maślanka w proszku,Nieszkodliwy (alergen),,
446,szczypiorek suszony,Szypiorek suszony,Nieszkodliwy,,
447,miazga kakowa,Miazga kakowa,Nieszkodliwy (alergen),,
448,tłuszcz kakowy,Tłuszcz kakowy,Nieszkodliwy (alergen),,
449,wanilia,Wanilia,Nieszkodliwy,,
450,cukier trzcinowy,Cukier trzcinowy,Nieszkodliwy,,
451,żelatyna spożywcza,Żelatyna spożywcza,Nieszkodliwy (alergen),,
452,słodki ziemniak,Słodki ziemniak,Nieszkodliwy,,
453,rzodkiew,Rzodkiew,Nieszkodliwy,,
454,rzodkiewka,Rzodkiewka,Nieszkodliwy,,
455,czarna porzeczka,Czarna porzeczka,Nieszkodliwy,,
456,czarna marchew,Czarna marchew,Nieszkodliwy,,
457,mleko,Mleko,Nieszkodliwy (alergen),,
458,masło odwodnione,Masło odwodnione,Nieszkodliwy (alergen),,
459,mleko odtłuszczone,Mleko odtłuszczone,Nieszkodliwy (alergen),,
460,wanilina,Zamiennik wanilii,Nieszkodliwy,,
461,śmietana,Śmietana,Nieszkodliwy (alergen),,
462,śmietana w proszku,Śmietana w porszku,Nieszkodliwy (alergen),,
463,polewa kakowa,Polewa kakowa,Nieszkodliwy (alergen),,
464,żółtko jaja w proszku,Żółtko jaj w proszku,Nieszkodliwy (alergen),,
465,drożdże w proszku,Drożdże w proszku,Nieszkodliwy,,
466,nasiona chia,Nasiona chia,Nieszkodliwy,,
467,bazylia,Bazylia,Nieszkodliwy (alergen),,
468,kurkuma,Kurkuma,Nieszkodliwy (alergen),,
469,gorczyca,Gorczyca,Nieszkodliwy (alergen),,
470,ocet jabłkowy,Ocet jabłkowy,Nieszkodliwy (alergen),,
471,pieprz cayene,Pieprz cayene,Nieszkodliwy (alergen),,
472,papryczki chili,Papryczki chili,Nieszkodliwy (alergen),,
473,cynamon mielony,Cynamon mielony,Nieszkodliwy (alergen),,
474,rozmaryn,Rozmaryn,Nieszkodliwy (alergen),,
475,oregano,Oregano,Nieszkodliwy (alergen),,
476,ziele angielskie,Ziele angielski,Nieszkodliwy (alergen),,
477,mleko pasteryzowane,Mleko pasteryzowane,Nieszkodliwy (alergen),,
478,żywe kultury bakterii,Żywe kultury bakterii,Nieszkodliwy,,
479,mleko niepasteryzowane,Mleko niepasteryzowane,Nieszkodliwy (alergen),,
480,mąka ryżowa,Mąka wytwarzana z ryżu,Nieszkodliwy,,
481,skrobia kukurydziana,Skrobia ziarna kukurydzy,Nieszkodliwy,,
482,olej dyniowy,Olej tłoczony z pestek dynii,Nieszkodliwy,,
483,kofeina,Kofeina,Nieszkodliwy (alergen),,
484,owies,Owies,Nieszkodliwy (alergen),,
485,otręby owsiane,Otręby z owsu,Nieszkodliwy (alergen),,
486,płatki owsiane,Płatki z owsu,Nieszkodliwy (alergen),,
487,otręby pszenne,Otręby z pszenicy,Nieszkodliwy (alergen),,
488,otręby żytnie,Otręby z żyta,Nieszkodliwy (alergen),,
489,otręby jęczmienne,Otręby z jęczmienia,Nieszkodliwy (alergen),,
490,natka pietruszki,Nać pietruszki,Nieszkodliwy (alergen),,
491,seler naicowy,Seler naciowy,Nieszkodliwy (alergen),,
492,burak cukrowy,Burak cukrowy,Nieszkodliwy,,
493,burak ćwikłowy,Burak ćwikłowy,Nieszkodliwy,,
494,glukoza,Monosacharyd,Nieszkodliwy,,
495,mąka kukurydziana,Mąka wytwarzana z ziarna kukurydzy,Nieszkodliwy,,
496,aromaty naturalne,Naturalne aromaty spożywcze,Nieszkodliwy (alergen),,
497,niacyna,Witamina B3,Nieszkodliwy,,
498,ryboflawina,Witamina B2,Nieszkodliwy,,
499,kwas foliowy,Witamina B,Nieszkodliwy,,
500,żelazo,Pierwiastek śladowy ludzkiego organizmu,Nieszkodliwy,,
501,pieprz zielony,Pieprz zielony,Nieszkodliwy (alergen),,
502,naturalne aromaty spożywcze,Aromaty spożywcze pochodzenia naturalnego,Nieszkodliwy (alergen),,
343,sól,Sól spożywcza,Nieszkodliwy (alergen),,
503,mięso wieprzowe,Mięso wieprzowe,Nieszkodliwy,,
504,mięso wołowe,Mięso wołowe,Nieszkodliwy,,
505,mięso cielęce,Mięso cielęce,Nieszkodliwy,,
506,mięso drobiowe,Mięso drobiowe,Nieszkodliwy,,
507,wieprzowina,Wieprzowina,Nieszkodliwy,,
508,wołowina,Wołowina,Nieszkodliwy,,
509,cielęcina,Cielęcina,Nieszkodliwy,,
510,baranina,Baranina,Nieszkodliwy,,
511,jagnięcina,Jagnięcina,Nieszkodliwy,,
512,konina,Konina,Nieszkodliwy,,
513,dziczyzna,Dziczynza,Nieszkodliwy,,
514,kozina,Konina,Nieszkodliwy,,
515,tłuszcz wieprzowy,Tłuszcz wieprzowy,Nieszkodliwy,,
516,tłuszcz wołowy,Tłuszcz wołowy,Nieszkodliwy,,
517,tłuszcz cielęcy,Tłuszcz cielęcy,Nieszkodliwy,,
518,tłuszcz drobiowy,Tłuszcz drobiowy,Nieszkodliwy,,
519,tłuszcz barani,Tłuszcz barani,Nieszkodliwy,,
520,tłuszcz jagnięcy,Tłuszcz jagnięcy,Nieszkodliwy,,
521,pierś z kurczaka,Pierś z kurczaka,Nieszkodliwy,,
522,śmietanka,Śmietanka,Nieszkodliwy (alergen),,
523,agrest,Agrest,Nieszkodliwy,,
524,arbuz,Arbuz,Nieszkodliwy,,
525,aronia,Aronia,Nieszkodliwy,,
526,dzika róża,Dzika róża,Nieszkodliwy (alergen),,
527,skórka pomarańczy,Skórka pomarańczy,Nieszkodliwy (alergen),,
528,skórka pomarańczowa,Skórka pomarańczowa,Nieszkodliwy (alergen),,
529,rodzynki,Rodzynki,Nieszkodliwy (alergen),,
530,biała porzeczka,Biała porzeczka,Nieszkodliwy,,
531,borówka amerykańska,Borówka amerykańska,Nieszkodliwy (alergen),,
532,brzoskwinia,Brzoskwinia,Nieszkodliwy (alergen),,
533,cytrtna,Cytryna,Nieszkodliwy (alergen),,
534,czarna porzeczka,Czarna porzeczka,Nieszkodliwy,,
535,czarny bez,Czary bez,Nieszkodliwy (alergen),,
536,czeremecha,Czeremecha,Nieszkodliwy (alergen),,
537,czerwona porzeczka,Czerwona porzeczka,Nieszkodliwy,,
538,dereń,Dereń,Nieszkodliwy (alergen),,
539,durian,Durian,Nieszkodliwy (alergen),,
540,dżakfrut,Dżakfrut,Nieszkodliwy (alergen),,
541,figa,Figa,Nieszkodliwy (alergen),,
542,flaszowiec,Flaszowiec,Nieszkodliwy (alergen),,
543,gac,Gac,Nieszkodliwy (alergen),,
544,głóg,Głóg,Nieszkodliwy (alergen),,
545,granat,Granat,Nieszkodliwy (alergen),,
546,grejpfrut,Grejpfrut,Nieszkodliwy (alergen),,
547,jagoda,Jagoda,Nieszkodliwy (alergen),,
548,oleje roślinne,Oleje roślinne,Nieszkodliwy,,
549,jeżyna,Jeżyna,Nieszkodliwy (alergen),,
550,karambola,Karambola,Nieszkodliwy (alergen),,
551,kasztan jadalny,Kasztan jadalny,Nieszkodliwy,,
552,kiwi,Kiwi,Nieszkodliwy (alergen),,
553,kokos,Kokos,Nieszkodliwy (alergen),,
554,kumkwat,Kumkwat,Nieszkodliwy (alergen),,
555,liczi,Liczi,Nieszkodliwy (alergen),,
556,limonka,Limonka,Nieszkodliwy (alergen),,
557,orzech makadamia,Orzechy macadamia,Nieszkodliwy (alergen),,
558,mandarynka,Mandarynka,Nieszkodliwy (alergen),,
559,melon,Melon,Nieszkodliwy,,
560,morela,Morela,Nieszkodliwy,,
561,morwa,Morwa,Nieszkodliwy,,
562,nerkowiec,Nerkowiec,Nieszkodliwy (alergen),,
563,nektarynka,Nektarynka,Nieszkodliwy,,
564,opuncja,Opuncja,Nieszkodliwy (alergen),,
565,orzech laskowy,Orzech laskowy,Nieszkodliwy (alergen),,
566,orzech włoski,Orzech włoski,Nieszkodliwy (alergen),,
567,pekan,Pekan,Nieszkodliwy (alergen),,
568,pigwa,Pigwa,Nieszkodliwy (alergen),,
569,orzeszki pini,Orzeszki pini,Nieszkodliwy (alergen),,
570,pitaja,Pitaja,Nieszkodliwy,,
571,pomarańcza,Pomarańcza,Nieszkodliwy (alergen),,
572,poziomka,Poziomka,Nieszkodliwy (alergen),,
573,brokuł,Brokuł,Nieszkodliwy,,
574,owoce dzikiej róży,Owoce dzikiej róży,Nieszkodliwy (alergen),,
575,wiśnia,Wiśnia,Nieszkodliwy,,
576,żurawina,Żurawina,Nieszkodliwy,,
577,brukiew,Brukiew,Nieszkodliwy (alergen),,
578,jarmuż,Jarmuż,Nieszkodliwy (alergen),,
579,kalafior,Kalafior,Nieszkodliwy (alergen),,
580,kalarepa,Kalarepa,Nieszkodliwy (alergen),,
581,kapusta brukselka,Kapusta brukselka,Nieszkodliwy (alergen),,
582,kapusta chińska,Kapusta chińska,Nieszkodliwy (alergen),,
583,kapusta pekińska,Kapusta pekińska,Nieszkodliwy (alergen),,
584,kapusta włoska,Kapusta włoska,Nieszkodliwy (alergen),,
585,por,Por,Nieszkodliwy (alergen),,
586,cykoria sałatowa,Cykoria sałatowa,Nieszkodliwy (alergen),,
587,cykoria endywia,Cykoria endywia,Nieszkodliwy (alergen),,
588,pietruszka naciowa,Pietruszka naciowa,Nieszkodliwy (alergen),,
589,portulaka pospolita,Portulaka pospolita,Nieszkodliwy (alergen),,
590,roszpunka warzywna,Roszpunka warzywna,Nieszkodliwy (alergen),,
591,pieprzyca siewna,Pieprzyca siewna,Nieszkodliwy (alergen),,
592,rukiew wodna,Rukiew wodna,Nieszkodliwy (alergen),,
593,sałata siewna,Sałata siewna,Nieszkodliwy (alergen),,
594,szpinak warzywny,Szpinak warzywny,Nieszkodliwy (alergen),,
595,rokitta siewna,Rokitta siewna,Nieszkodliwy (alergen),,
596,mniszek pospolity,Mniszek pospolity,Nieszkodliwy (alergen),,
597,pomidor koktajlowy,Pomidor koktajlowy,Nieszkodliwy (alergen),,
598,dynia,Dynia,Nieszkodliwy,,
599,melon,Melon,Nieszkodliwy,,
600,ogórek zielony,Ogórek zielony,Nieszkodliwy,,
601,rzepa,Rzepa,Nieszkodliwy,,
602,bób,Bób,Nieszkodliwy,,
603,kminek,Kminek,Nieszkodliwy,,
604,pieczarka,Pieczarka,Nieszkodliwy,,
605,karczoch,Karczoch,Nieszkodliwy (alergen),,
606,bedoes,Bedoes 2115,Zalecana ostrożność,,